amfi_code,Sharpe_Ratio,scheme_name
100016,-0.20151706755966936,HDFC Top 100 Fund - Regular Plan - Growth
100025,-0.5670947928476846,HDFC Short Term Debt Fund - Regular - Growth
100033,1.093698743534631,HDFC Mid-Cap Opportunities Fund - Regular - Growth
101206,1.0272133278753697,ABSL Frontline Equity Fund - Regular - Growth
101207,0.16266076928646786,ABSL Small Cap Fund - Regular - Growth
101208,-0.8155673679088258,ABSL Liquid Fund - Regular - Growth
102885,0.817099337349437,UTI Nifty 50 Index Fund - Regular - Growth
102886,-0.2058316078547031,UTI Mid Cap Fund - Regular - Growth
102887,0.6195175900829826,UTI Flexi Cap Fund - Regular - Growth
118632,1.0816591793457038,Nippon India Large Cap Fund - Regular - Growth
118633,0.6452074382933218,Nippon India Large Cap Fund - Direct - Growth
118634,0.4484340089089915,Nippon India Small Cap Fund - Regular - Growth
118635,0.6648569985490621,Nippon India ETF Nifty 50 BeES
118636,-0.35662950751436784,Nippon India Gilt Securities Fund - Regular - Growth
119092,0.030784850954585916,Axis Bluechip Fund - Regular - Growth
119093,0.12961449795669325,Axis Bluechip Fund - Direct - Growth
119094,0.9982309868636403,Axis Midcap Fund - Regular - Growth
119095,-0.07597357117478923,Axis Small Cap Fund - Regular - Growth
119120,-0.22657538662791568,SBI Magnum Gilt Fund - Regular Plan - Growth
119551,1.2082665673727178,SBI Bluechip Fund - Regular Plan - Growth
119552,0.953279496866011,SBI Bluechip Fund - Direct Plan - Growth
119598,0.9453082575156093,SBI Small Cap Fund - Regular Plan - Growth
119599,-0.05718662582817995,SBI Small Cap Fund - Direct Plan - Growth
120503,0.7979728586052844,ICICI Pru Bluechip Fund - Regular - Growth
120504,1.0265242847993006,ICICI Pru Bluechip Fund - Direct - Growth
120505,1.1801011976606495,ICICI Pru Midcap Fund - Regular - Growth
120506,0.6488787755249528,ICICI Pru Value Discovery Fund - Regular - Growth
120507,0.495723392953312,ICICI Pru Liquid Fund - Regular - Growth
120841,0.4942725378672348,Kotak Bluechip Fund - Regular - Growth
120842,0.07599984804658923,Kotak Emerging Equity Fund - Regular - Growth
120843,1.3067439695428413,Kotak Flexicap Fund - Regular - Growth
120844,-0.08874729621557288,Kotak Liquid Fund - Regular - Growth
125497,0.7757902498211205,HDFC Top 100 Fund - Direct Plan - Growth
125498,0.3006119210425479,HDFC Mid-Cap Opportunities Fund - Direct - Growth
148567,1.4482911703262604,Mirae Asset Large Cap Fund - Regular - Growth
148568,0.9262873467360141,Mirae Asset Emerging Bluechip Fund - Regular - Growth
148569,1.2349300257743292,Mirae Asset Tax Saver Fund - Regular - Growth
149322,0.46403744922047735,DSP Top 100 Equity Fund - Regular - Growth
149323,1.1321218524747252,DSP Midcap Fund - Regular - Growth
149324,0.949795824661604,DSP Small Cap Fund - Regular - Growth
